N,t_FRLT,t_G1,t_R1,e_FRLT_max,e_G1_max,e_R1_max,e_rel_FRLT_max,e_rel_G1_max,e_rel_R1_max
1000,0.0153415,0.0296386,0.1036657,0.022443413404822365,0.03030812201792088,0.06061611666152089,0.008927407951420663,0.00972954503521271,0.26085150323994505
2500,0.0378107,0.1776406,0.6450428,0.05260186749384488,0.01212325733762043,0.024246496233757853,0.003102003633323307,0.003891922586346047,0.2682841950418435
5000,0.0786163,0.7069933,2.5808657,0.07047634060164043,0.00606163007951821,0.012123255477604289,0.002325979694940362,0.0019459689834286362,0.2707618602095511
7500,0.1141733,1.5715021999999998,5.7943471,0.08024536650466274,0.004041087032327084,0.008082171889423506,0.002648040460255493,0.0012973137252970518,0.27158775375412486
10000,0.1530145,2.7932817,10.2949056,0.08714144648068256,0.0030308153915648006,0.006061629501125765,0.002875414498444759,0.0009729855299876899,0.2720007010803648
12500,0.1898244,4.3644528000000005,16.1121492,0.09263049522581568,0.0024246523692603716,0.004849303881481859,0.0030564148819403948,0.0007783886843787716,0.27224846958667714
15000,0.2299505,6.2896048,23.1712598,0.09728373207864394,0.0020205436724509696,0.0040410867247757665,0.0032098664282631823,0.0006486574640554691,0.2724136486138099
20000,0.303914,11.2040385,41.2445376,0.1050286389432209,0.0015154077833123836,0.0030308151921047966,0.003472046265391049,0.00048649323234113896,0.27262012238772315
