N,t_FRLT,t_G1,t_R1
1000,0.0076326,0.0139828,0.0526652
2500,0.0189482,0.086693,0.3206026
5000,0.0378205,0.3480217,1.2843902
7500,0.05767,0.7993081,2.8927804
10000,0.0759084,1.4027252,5.2212558
12500,0.0946347,2.1860611,8.022736
15000,0.1126984,3.1415447,11.5511848
20000,0.1505043,5.5738633,20.5541252
