N,t_FRLT,t_G1,t_R1
1000,0.0075387,0.0141061,0.0517087
2500,0.0187316,0.0886495,0.3226126
5000,0.037444,0.3672055,1.2826772
7500,0.0562899,0.8045004,2.8847669
10000,0.0747521,1.4181915,5.1464568
12500,0.0936249,2.2257611,8.0257084
15000,0.1124404,3.2916677,11.5638981
20000,0.1499942,5.717128,20.5994061
