N,t_FRLT,e_FRLT_max,e_rel_FRLT_max,t_G1,e_G1_max,e_rel_G1_max,t_R1,e_R1_max,e_rel_R1_max
1000,0.03300738334655762,0.022443413404822365,0.008927407951642718,0.23905301094055176,0.03030812201795996,0.009729545024792272,0.5641312599182129,0.06061611666151734,0.2608515032573159
2500,0.08401823043823242,0.05260186749384488,0.003102003633432565,1.5133378505706787,0.012123257337719906,0.00389192253440132,3.5893049240112305,0.024246496233757853,0.268284195059317
5000,0.1650378704071045,0.07047634060164043,0.002325979694940362,6.069372177124023,0.006061630079585711,0.0019459688621433992,15.17401671409607,0.012123255477604289,0.2707618602270587
7500,0.24805450439453125,0.08024536650465919,0.002648040460255376,13.80113410949707,0.004041087032494062,0.001297313534648516,30.591840267181396,0.008082171889423506,0.2715877538409279
10000,0.332073450088501,0.08714144648068256,0.002875414498444759,24.449616193771362,0.0030308153915505898,0.0009729854085839206,54.10214686393738,0.0060616295011293175,0.2720007012365033
12500,0.42609548568725586,0.09263049522581568,0.0030564148819403948,38.362836599349976,0.0024246523692355026,0.0007783884243104817,84.11667561531067,0.004849303881481859,0.27224846981216666
15000,0.5091133117675781,0.09728373207864394,0.0032098664282631823,55.906752586364746,0.0020205436724509696,0.0006486570652946879,121.4358549118042,0.0040410867247757665,0.2724136489086577
20000,0.6771543025970459,0.1050286389432209,0.003472046252518208,98.62753176689148,0.00151540778354331,0.0004864928335157978,216.0616955757141,0.003030815192101244,0.27262012282130044
