N,t_FRLT,t_G1,t_R1
1000,0.0083247,0.0138867,0.0520502
2500,0.0188835,0.0894033,0.3225498
5000,0.0379775,0.3475743,1.2868432
7500,0.0571656,0.7863325,2.8859992
10000,0.0761633,1.3962432,5.1238727
12500,0.0990593,2.1825905,8.0221513
15000,0.1136655,3.1465880999999998,11.5483328
20000,0.1514666,5.5794575,20.5391351
