N,t_FRLT,t_G1,t_R1
1000,0.0151978,0.0278226,0.1036331
2500,0.0374903,0.1717914,0.6382465
5000,0.0753069,0.691278,2.5597143
7500,0.1130509,1.5538832,5.7508944
10000,0.1526389,2.7985876,10.2927373
12500,0.1891175,4.31589,15.9525403
15000,0.2260553,6.2094598,23.0436813
20000,0.3018002,11.0521625,40.9398401
