N,t_FRLT,e_FRLT_max,e_rel_FRLT_max,t_G1,e_G1_max,e_rel_G1_max,t_R1,e_R1_max,e_rel_R1_max
1000,0.4581024646759033,0.022443413404822365,0.008927407951642718,0.11302495002746582,0.03030812201795996,0.009729545024792272,0.21204757690429688,0.06061611666151734,0.2608515032573159
5000,0.0,0.07047634060164043,0.002325979694940362,0.0980222225189209,0.006061630079585711,0.0019459688621433992,1.6893882751464844,0.012123255477604289,0.2707618602270587
10000,0.0010001659393310547,0.08714144648068256,0.002875414498444759,0.39308762550354004,0.0030308153915505898,0.0009729854085839206,6.767038822174072,0.0060616295011293175,0.2720007012365033
15000,0.002000093460083008,0.09728373207864394,0.0032098664282631823,0.8813495635986328,0.0020205436724509696,0.0006486570652946879,15.276883602142334,0.0040410867247757665,0.2724136489086577
20000,0.0020003318786621094,0.1050286389432209,0.003472046252518208,1.5653438568115234,0.00151540778354331,0.0004864928335157978,26.946138858795166,0.003030815192101244,0.27262012282130044
25000,0.003000497817993164,0.1114030516384581,0.003790720359210235,2.448549747467041,0.0012123262408501034,0.0003891942801183123,42.18113684654236,0.002424652226302726,0.2727440071871311
30000,0.0030007362365722656,0.11684012775282682,0.004046097984858656,3.5362486839294434,0.0010102718750744089,0.00032432857302031645,60.84640431404114,0.0020205435630984425,0.2728265967705056
