N,t_FRLT,e_FRLT_max,e_rel_FRLT_max,t_G1,e_G1_max,e_rel_G1_max,t_R1,e_R1_max,e_rel_R1_max
1000,0.03400707244873047,0.022443413404822365,0.008927407951642718,0.24005341529846191,0.03030812201795996,0.009729545024792272,0.5321180820465088,0.06061611666151734,0.2608515032573159
2500,0.08501887321472168,0.05260186749384488,0.003102003633432565,1.5153517723083496,0.012123257337719906,0.00389192253440132,3.35676646232605,0.024246496233757853,0.268284195059317
5000,0.16603684425354004,0.07047634060164043,0.002325979694940362,6.1444079875946045,0.006061630079585711,0.0019459688621433992,13.499290466308594,0.012123255477604289,0.2707618602270587
7500,0.24605417251586914,0.08024536650465919,0.002648040460255376,13.827982425689697,0.004041087032494062,0.001297313534648516,30.549865007400513,0.008082171889423506,0.2715877538409279
10000,0.3270735740661621,0.08714144648068256,0.002875414498444759,24.528834104537964,0.0030308153915505898,0.0009729854085839206,55.002360343933105,0.0060616295011293175,0.2720007012365033
12500,0.41109156608581543,0.09263049522581568,0.0030564148819403948,38.57919216156006,0.0024246523692355026,0.0007783884243104817,84.9599449634552,0.004849303881481859,0.27224846981216666
15000,0.5181150436401367,0.09728373207864394,0.0032098664282631823,55.5582275390625,0.0020205436724509696,0.0006486570652946879,123.29887890815735,0.0040410867247757665,0.2724136489086577
20000,0.6871531009674072,0.1050286389432209,0.003472046252518208,98.77178359031677,0.00151540778354331,0.0004864928335157978,220.02518773078918,0.003030815192101244,0.27262012282130044
